{"cameraMode":{"drawMode":0,"name":"Shaded","section":"Shading Mode"},"sceneLighting":false,"audioPlay":false,"sceneViewState":{"showFog":false,"showMaterialUpdate":true,"showSkybox":false,"showFlares":false,"showImageEffects":false,"showParticleSystems":false},"in2DMode":false,"pivot":{"x":0.4883211553096771,"y":1.3404927253723145,"z":0.4082961082458496},"rotation":{"x":0.03861811384558678,"y":0.9514552354812622,"z":-0.2744351327419281,"w":0.13389140367507935},"size":3.902625799179077,"orthographic":false}