{"cameraMode":{"drawMode":0,"name":"Shaded","section":"Shading Mode"},"sceneLighting":true,"audioPlay":false,"sceneViewState":{"showFog":false,"showMaterialUpdate":true,"showSkybox":false,"showFlares":false,"showImageEffects":false,"showParticleSystems":false},"in2DMode":false,"pivot":{"x":-11.653087615966797,"y":3.1508562564849855,"z":3.3955893516540529},"rotation":{"x":-0.06296249479055405,"y":0.09923277795314789,"z":-0.00629176152870059,"w":-0.9930503964424133},"size":7.448516845703125,"orthographic":false}