{"cameraMode":{"drawMode":0,"name":"Shaded","section":"Shading Mode"},"sceneLighting":false,"audioPlay":false,"sceneViewState":{"showFog":false,"showMaterialUpdate":true,"showSkybox":false,"showFlares":false,"showImageEffects":false,"showParticleSystems":false},"in2DMode":false,"pivot":{"x":0.2479264736175537,"y":0.07639199495315552,"z":0.7037221193313599},"rotation":{"x":-0.1298907846212387,"y":-0.7410988211631775,"z":0.1500859409570694,"w":-0.6413853168487549},"size":0.7648000121116638,"orthographic":false}